k1,b,Recall@5,Recall@50
1.2,0.5,0.9230769230769231,1.0
1.2,0.6,0.9230769230769231,1.0
1.2,0.75,0.9487179487179487,1.0
1.2,0.8,0.9487179487179487,1.0
1.2,0.9,0.9487179487179487,1.0
1.4,0.5,0.9230769230769231,1.0
1.4,0.6,0.9230769230769231,1.0
1.4,0.75,0.9487179487179487,1.0
1.4,0.8,0.9487179487179487,1.0
1.4,0.9,0.9487179487179487,1.0
1.5,0.5,0.9230769230769231,1.0
1.5,0.6,0.9487179487179487,1.0
1.5,0.75,0.9487179487179487,1.0
1.5,0.8,0.9487179487179487,1.0
1.5,0.9,0.9487179487179487,1.0
1.6,0.5,0.9230769230769231,1.0
1.6,0.6,0.9487179487179487,1.0
1.6,0.75,0.9487179487179487,1.0
1.6,0.8,0.9487179487179487,1.0
1.6,0.9,0.9487179487179487,1.0
1.8,0.5,0.9230769230769231,1.0
1.8,0.6,0.9487179487179487,1.0
1.8,0.75,0.9487179487179487,1.0
1.8,0.8,0.9487179487179487,1.0
1.8,0.9,0.9487179487179487,1.0
2.0,0.5,0.9230769230769231,1.0
2.0,0.6,0.9487179487179487,1.0
2.0,0.75,0.9487179487179487,1.0
2.0,0.8,0.9487179487179487,1.0
2.0,0.9,0.9487179487179487,1.0
