ngram_range,sublinear_tf,norm,max_df,min_df,Recall@5,Recall@50
"(1, 1)",True,l2,1.0,1,0.9230769230769231,1.0
"(1, 1)",True,l2,1.0,2,0.9487179487179487,1.0
"(1, 1)",True,l2,0.95,1,0.9230769230769231,1.0
"(1, 1)",True,l2,0.95,2,0.9487179487179487,1.0
"(1, 1)",False,l2,1.0,1,0.9487179487179487,1.0
"(1, 1)",False,l2,1.0,2,0.9743589743589743,1.0
"(1, 1)",False,l2,0.95,1,0.9230769230769231,1.0
"(1, 1)",False,l2,0.95,2,0.9743589743589743,1.0
"(1, 2)",True,l2,1.0,1,0.9743589743589743,1.0
"(1, 2)",True,l2,1.0,2,1.0,1.0
"(1, 2)",True,l2,0.95,1,0.9743589743589743,1.0
"(1, 2)",True,l2,0.95,2,1.0,1.0
"(1, 2)",False,l2,1.0,1,1.0,1.0
"(1, 2)",False,l2,1.0,2,1.0,1.0
"(1, 2)",False,l2,0.95,1,0.9743589743589743,1.0
"(1, 2)",False,l2,0.95,2,1.0,1.0
